{"CNN": 96.35714292526245, "LSTM": 96.26190662384033, "GRU": 96.23809456825256, "Transformer": 98.07142615318298, "ResidualMLP": 97.33333587646484, "Hybrid_CNNLSTM": 96.83333039283752}