{"CNN": 97.78571428571429, "LSTM": 98.35714285714286, "GRU": 98.52380952380952, "Transformer": 98.71428571428571, "ResidualMLP": 98.26190476190476, "Hybrid_CNNLSTM": 98.21428571428571, "RandomForest": 99.42857142857143}