{"CNN": 96.45237922668457, "LSTM": 95.90476155281067, "GRU": 96.21428847312927, "Transformer": 97.97618985176086, "ResidualMLP": 97.33333587646484, "Hybrid_CNNLSTM": 96.23809456825256}